"0",""
"0","library('tidyverse', quietly = T)"
"0","library('ggplot2', quietly = T)"
"0","library('dplyr', quietly = T)"
"0","library('readxl', quietly = T)"
"0","library('linelist', quietly = T)"
"0","library('googlesheets4', quietly = T)"
"0","library('naniar', quietly = T)"
"0","library('gridExtra', quietly = T)"
"0","library('snakecase', quietly = T)"
"0","library('epitools', quietly = T)"
"0","library('meta', quietly = T)"
"0","library('knitr', quietly = T)"
"0","library('kableExtra', quietly = T)"
"0","library('snakecase', quietly = T)"
"0","library('here', quietly = T)"
"0","library('flextable', quietly = T)"
"0","library('DT', quietly = T)"
